{
    "TextComparison" :[
        {"name":"View Details" , "msg":"It may contain important information"},
        {"name":"More Information" , "msg":"Check the link for more information"},
        {"name":"Legal Notice" , "msg":"This link contains information about privacy and personal data usage"},
        {"name":"Legal Note" , "msg":"This link contains information about privacy and personal data usage"},
        {"name":"More options" , "msg":"Extend to get more info"},
        {"name":"Legal" , "msg":"This link contains information about privacy and personal data usage"},
        {"name":"Read More" , "msg":"This link can contain hidden information about the operation"},
        {"name":"More Info" , "msg":"Check for more information used by the site in the operation"},
        {"name":"Learn More" , "msg":"It may contain specific information about privacy and personal data usage"},
		{"name":"Terms of Srvice" , "msg":"It may contain specific information about privacy and personal data usage"},
		{"name":"Privacy Policy" , "msg":"It may contain specific information about privacy and personal data usage"},
		{"name":"Cookie Policy" , "msg":"It may contain specific information about privacy and personal data usage"},
		{"name":"Cookies" , "msg":"It may contain specific information about privacy and personal data usage"},
		{"name":"Privacy Policy" , "msg":"It may contain specific information about privacy and personal data usage"},
		{"name":"Cookie Policy" , "msg":"It may contain specific information about privacy and personal data usage"},
		{"name":"Privacy" , "msg":"It may contain specific information about privacy and personal data usage"},
		{"name":"Cookie" , "msg":"It may contain specific information about privacy and personal data usage"},		
        {"name":"View Details" , "msg":"This link contains specific details regarding your data"}
    ] 
}